Estado,Data_Ini_Mov,Hora_Ini_Mov,Data_Fim_Mov,Hora_Fim_Mov,Tempo,Dist_Perc_(m),Vel_Máx,Ponto_Inicial,Ponto_Final,Motorista,Placa
Parado Desligado,06/06/2020,00:06:50,06/06/2020,06:28:33,6h-21m-43s,0,0 km/h,"Ijuí RS","Ijuí RS",-,IXS-7092
Parado Ligado,06/06/2020,06:28:33,06/06/2020,06:31:38,3m-5s,0,0 km/h,"Ijuí, RS,","Ijuí, RS,",-,IXS-7092
Parado Desligado,06/06/2020,06:31:38,06/06/2020,06:57:06,25m-28s,0,0 km/h,"Ijuí, RS,","Ijuí, RS,",-,IXS-7092
Parado Ligado,06/06/2020,06:57:06,06/06/2020,07:06:01,8m-55s,0,0 km/h,"Ijuí, RS,","Ijuí, RS,",-,IXS-7092
Andando,06/06/2020,07:06:01,06/06/2020,07:12:01,6min,3936,59 km/h,"Ijuí, RS,","Ijuí, RS,",-,IXS-7092
Parado Ligado,06/06/2020,07:12:01,06/06/2020,07:14:01,2min,0,0 km/h,"Ijuí, RS,","Ijuí, RS,",-,IXS-7092
Andando,06/06/2020,07:14:01,06/06/2020,07:20:36,6m-35s,4025,71 km/h,"Ijuí, RS,","Ijuí, RS,",-,IXS-7092
Parado Ligado,06/06/2020,07:20:36,06/06/2020,07:21:36,1min,0,0 km/h,"Ijuí, RS,","Ijuí, RS,",-,IXS-7092
Andando,06/06/2020,07:21:36,06/06/2020,07:22:36,1min,532,60 km/h,"Ijuí, RS,","Ijuí, RS,",-,IXS-7092
Parado Ligado,06/06/2020,07:22:36,06/06/2020,07:23:36,1min,0,0 km/h,"Ijuí, RS,","Ijuí, RS,",-,IXS-7092
Andando,06/06/2020,07:23:36,06/06/2020,07:28:05,4m-29s,1388,55 km/h,"Ijuí, RS,","Ijuí, RS,",-,IXS-7092
Parado Ligado,06/06/2020,07:28:05,06/06/2020,07:30:05,2min,0,0 km/h,"Ijuí, RS,","Ijuí, RS,",-,IXS-7092
Andando,06/06/2020,07:30:05,06/06/2020,07:48:04,17m-59s,15007,82 km/h,"Ijuí, RS,","Ajuricaba, RS",-,IXS-7092
Parado Ligado,06/06/2020,07:48:04,06/06/2020,07:49:05,1m-1s,0,0 km/h,"Ajuricaba, RS","Ajuricaba, RS",-,IXS-7092
Andando,06/06/2020,07:49:05,06/06/2020,07:56:53,7m-48s,2252,36 km/h,"Ajuricaba, RS","Ajuricaba, RS",-,IXS-7092
Parado Ligado,06/06/2020,07:56:53,06/06/2020,07:57:53,1min,0,0 km/h,"Ajuricaba, RS","Ajuricaba, RS",-,IXS-7092
Andando,06/06/2020,07:57:53,06/06/2020,08:27:12,29m-19s,18134,88 km/h,"Ajuricaba, RS","Ijuí, RS,",-,IXS-7092
Parado Ligado,06/06/2020,08:27:12,06/06/2020,08:29:27,2m-15s,0,0 km/h,"Ijuí, RS,","Ijuí, RS,",-,IXS-7092
Andando,06/06/2020,08:29:27,06/06/2020,08:30:28,1m-1s,324,29 km/h,"Ijuí, RS,","Ijuí, RS,",-,IXS-7092
Parado Ligado,06/06/2020,08:30:28,06/06/2020,08:31:28,1min,0,0 km/h,"Ijuí, RS,","Ijuí, RS,",-,IXS-7092
Andando,06/06/2020,08:31:28,06/06/2020,08:37:54,6m-26s,4371,76 km/h,"Ijuí, RS,","Ijuí, RS,",-,IXS-7092
Parado Ligado,06/06/2020,08:37:54,06/06/2020,08:40:12,2m-18s,0,0 km/h,"Ijuí, RS,","Ijuí, RS,",-,IXS-7092
Andando,06/06/2020,08:40:12,06/06/2020,08:42:38,2m-26s,416,13 km/h,"Ijuí, RS,","Ijuí, RS,",-,IXS-7092
Parado Ligado,06/06/2020,08:42:38,06/06/2020,08:44:38,2min,0,0 km/h,"Ijuí, RS,","Ijuí, RS,",-,IXS-7092
Andando,06/06/2020,08:44:38,06/06/2020,08:45:38,1min,483,59 km/h,"Ijuí, RS,","Ijuí, RS,",-,IXS-7092
Parado Ligado,06/06/2020,08:45:38,06/06/2020,08:47:38,2min,0,0 km/h,"Ijuí, RS,","Ijuí, RS,",-,IXS-7092
Andando,06/06/2020,08:47:38,06/06/2020,08:52:38,5min,3477,66 km/h,"Ijuí, RS,","Ijuí, RS,",-,IXS-7092
Parado Ligado,06/06/2020,08:52:38,06/06/2020,08:53:38,1min,0,0 km/h,"Ijuí, RS,","Ijuí, RS,",-,IXS-7092
Andando,06/06/2020,08:53:38,06/06/2020,08:55:38,2min,164,14 km/h,"Ijuí, RS,","Ijuí, RS,",-,IXS-7092
Parado Ligado,06/06/2020,08:55:38,06/06/2020,08:57:38,2min,0,0 km/h,"Ijuí, RS,","Ijuí, RS,",-,IXS-7092
Andando,06/06/2020,08:57:38,06/06/2020,09:01:39,4m-1s,698,24 km/h,"Ijuí, RS,","Ijuí, RS,",-,IXS-7092
Parado Ligado,06/06/2020,09:01:39,06/06/2020,09:02:39,1min,0,0 km/h,"Ijuí, RS,","Ijuí, RS,",-,IXS-7092
Andando,06/06/2020,09:02:39,06/06/2020,09:04:39,2min,624,7 km/h,"Ijuí, RS,","Ijuí, RS,",-,IXS-7092
Parado Ligado,06/06/2020,09:04:39,06/06/2020,09:05:39,1min,0,0 km/h,"Ijuí, RS,","Ijuí, RS,",-,IXS-7092
Andando,06/06/2020,09:05:39,06/06/2020,09:08:39,3min,493,13 km/h,"Ijuí, RS,","Ijuí, RS,",-,IXS-7092
Parado Ligado,06/06/2020,09:08:39,06/06/2020,09:10:39,2min,0,0 km/h,"Ijuí, RS,","Ijuí, RS,",-,IXS-7092
Andando,06/06/2020,09:10:39,06/06/2020,09:11:39,1min,74,13 km/h,"Ijuí, RS,","Ijuí, RS,",-,IXS-7092
Parado Ligado,06/06/2020,09:11:39,06/06/2020,09:12:39,1min,0,0 km/h,"Ijuí, RS,","Ijuí, RS,",-,IXS-7092
Andando,06/06/2020,09:12:39,06/06/2020,09:14:39,2min,381,46 km/h,"Ijuí, RS,","Ijuí, RS,",-,IXS-7092
Parado Ligado,06/06/2020,09:14:39,06/06/2020,09:15:39,1min,0,0 km/h,"Ijuí, RS,","Ijuí, RS,",-,IXS-7092
Andando,06/06/2020,09:15:39,06/06/2020,09:17:39,2min,180,20 km/h,"Ijuí, RS,","Ijuí, RS,",-,IXS-7092
Parado Ligado,06/06/2020,09:17:39,06/06/2020,09:22:39,5min,0,0 km/h,"Ijuí, RS,","Ijuí, RS,",-,IXS-7092
Andando,06/06/2020,09:22:39,06/06/2020,09:24:39,2min,341,30 km/h,"Ijuí, RS,","Ijuí, RS,",-,IXS-7092
Parado Ligado,06/06/2020,09:24:39,06/06/2020,09:25:39,1min,0,0 km/h,"Ijuí, RS,","Ijuí, RS,",-,IXS-7092
Andando,06/06/2020,09:25:39,06/06/2020,09:26:39,1min,222,10 km/h,"Ijuí, RS,","Ijuí, RS,",-,IXS-7092
Parado Ligado,06/06/2020,09:26:39,06/06/2020,09:28:39,2min,0,0 km/h,"Ijuí, RS,","Ijuí, RS,",-,IXS-7092
Andando,06/06/2020,09:28:39,06/06/2020,09:30:39,2min,273,15 km/h,"Ijuí, RS,","Ijuí, RS,",-,IXS-7092
Parado Ligado,06/06/2020,09:30:39,06/06/2020,09:35:39,5min,0,0 km/h,"Ijuí, RS,","Ijuí, RS,",-,IXS-7092
Andando,06/06/2020,09:35:39,06/06/2020,09:36:39,1min,128,11 km/h,"Ijuí, RS,","Ijuí, RS,",-,IXS-7092
Parado Ligado,06/06/2020,09:36:39,06/06/2020,09:38:40,2m-1s,0,0 km/h,"Ijuí, RS,","Ijuí, RS,",-,IXS-7092
Andando,06/06/2020,09:38:40,06/06/2020,09:39:40,1min,102,10 km/h,"Ijuí, RS,","Ijuí, RS,",-,IXS-7092
Parado Ligado,06/06/2020,09:39:40,06/06/2020,09:44:40,5min,0,0 km/h,"Ijuí, RS,","Ijuí, RS,",-,IXS-7092
Andando,06/06/2020,09:44:40,06/06/2020,09:47:40,3min,417,15 km/h,"Ijuí, RS,","Ijuí, RS,",-,IXS-7092
Parado Ligado,06/06/2020,09:47:40,06/06/2020,09:49:40,2min,0,0 km/h,"Ijuí, RS,","Ijuí, RS,",-,IXS-7092
Andando,06/06/2020,09:49:40,06/06/2020,09:51:40,2min,185,14 km/h,"Ijuí, RS,","Ijuí, RS,",-,IXS-7092
Parado Ligado,06/06/2020,09:51:40,06/06/2020,09:53:40,2min,0,0 km/h,"Ijuí, RS,","Ijuí, RS,",-,IXS-7092
Andando,06/06/2020,09:53:40,06/06/2020,09:54:40,1min,103,6 km/h,"Ijuí, RS,","Ijuí, RS,",-,IXS-7092
Parado Ligado,06/06/2020,09:54:40,06/06/2020,09:56:40,2min,0,0 km/h,"Ijuí, RS,","Ijuí, RS,",-,IXS-7092
Andando,06/06/2020,09:56:40,06/06/2020,10:00:40,4min,438,14 km/h,"Ijuí, RS,","Ijuí, RS,",-,IXS-7092
Parado Ligado,06/06/2020,10:00:40,06/06/2020,10:01:40,1min,0,0 km/h,"Ijuí, RS,","Ijuí, RS,",-,IXS-7092
Andando,06/06/2020,10:01:40,06/06/2020,10:02:40,1min,73,10 km/h,"Ijuí, RS,","Ijuí, RS,",-,IXS-7092
Parado Ligado,06/06/2020,10:02:40,06/06/2020,10:04:40,2min,0,0 km/h,"Ijuí, RS,","Ijuí, RS,",-,IXS-7092
Andando,06/06/2020,10:04:40,06/06/2020,10:05:40,1min,101,9 km/h,"Ijuí, RS,","Ijuí, RS,",-,IXS-7092
Parado Ligado,06/06/2020,10:05:40,06/06/2020,10:07:41,2m-1s,0,0 km/h,"Ijuí, RS,","Ijuí, RS,",-,IXS-7092
Andando,06/06/2020,10:07:41,06/06/2020,10:12:41,5min,583,14 km/h,"Ijuí, RS,","Ijuí, RS,",-,IXS-7092
Parado Ligado,06/06/2020,10:12:41,06/06/2020,10:13:41,1min,0,0 km/h,"Ijuí, RS,","Ijuí, RS,",-,IXS-7092
Andando,06/06/2020,10:13:41,06/06/2020,10:14:41,1min,153,12 km/h,"Ijuí, RS,","Ijuí, RS,",-,IXS-7092
Parado Ligado,06/06/2020,10:14:41,06/06/2020,10:17:41,3min,0,0 km/h,"Ijuí, RS,","Ijuí, RS,",-,IXS-7092
Andando,06/06/2020,10:17:41,06/06/2020,10:19:41,2min,250,17 km/h,"Ijuí, RS,","Ijuí, RS,",-,IXS-7092
Parado Ligado,06/06/2020,10:19:41,06/06/2020,10:20:41,1min,0,0 km/h,"Ijuí, RS,","Ijuí, RS,",-,IXS-7092
Andando,06/06/2020,10:20:41,06/06/2020,10:21:41,1min,66,8 km/h,"Ijuí, RS,","Ijuí, RS,",-,IXS-7092
Parado Ligado,06/06/2020,10:21:41,06/06/2020,10:25:41,4min,0,0 km/h,"Ijuí, RS,","Ijuí, RS,",-,IXS-7092
Andando,06/06/2020,10:25:41,06/06/2020,10:27:41,2min,223,11 km/h,"Ijuí, RS,","Ijuí, RS,",-,IXS-7092
Parado Ligado,06/06/2020,10:27:41,06/06/2020,10:28:41,1min,0,0 km/h,"Ijuí, RS,","Ijuí, RS,",-,IXS-7092
Andando,06/06/2020,10:28:41,06/06/2020,10:29:41,1min,160,10 km/h,"Ijuí, RS,","Ijuí, RS,",-,IXS-7092
Parado Ligado,06/06/2020,10:29:41,06/06/2020,10:34:42,5m-1s,0,0 km/h,"Ijuí, RS,","Ijuí, RS,",-,IXS-7092
Andando,06/06/2020,10:34:42,06/06/2020,10:35:42,1min,33,6 km/h,"Ijuí, RS,","Ijuí, RS,",-,IXS-7092
Parado Ligado,06/06/2020,10:35:42,06/06/2020,10:43:42,8min,0,0 km/h,"Ijuí, RS,","Ijuí, RS,",-,IXS-7092
Andando,06/06/2020,10:43:42,06/06/2020,10:44:42,1min,125,31 km/h,"Ijuí, RS,","Ijuí, RS,",-,IXS-7092
Parado Ligado,06/06/2020,10:44:42,06/06/2020,10:47:42,3min,0,0 km/h,"Ijuí, RS,","Ijuí, RS,",-,IXS-7092
Andando,06/06/2020,10:47:42,06/06/2020,10:51:42,4min,251,10 km/h,"Ijuí, RS,","Ijuí, RS,",-,IXS-7092
Parado Ligado,06/06/2020,10:51:42,06/06/2020,10:53:42,2min,0,0 km/h,"Ijuí, RS,","Ijuí, RS,",-,IXS-7092
Andando,06/06/2020,10:53:42,06/06/2020,10:56:42,3min,541,29 km/h,"Ijuí, RS,","Ijuí, RS,",-,IXS-7092
Parado Ligado,06/06/2020,10:56:42,06/06/2020,10:57:42,1min,0,0 km/h,"Ijuí, RS,","Ijuí, RS,",-,IXS-7092
Andando,06/06/2020,10:57:42,06/06/2020,10:58:42,1min,60,6 km/h,"Ijuí, RS,","Ijuí, RS,",-,IXS-7092
Parado Ligado,06/06/2020,10:58:42,06/06/2020,11:04:42,6min,0,0 km/h,"Ijuí, RS,","Ijuí, RS,",-,IXS-7092
Andando,06/06/2020,11:04:42,06/06/2020,11:09:42,5min,506,16 km/h,"Ijuí, RS,","Ijuí, RS,",-,IXS-7092
Parado Ligado,06/06/2020,11:09:42,06/06/2020,11:13:43,4m-1s,0,0 km/h,"Ijuí, RS,","Ijuí, RS,",-,IXS-7092
Andando,06/06/2020,11:13:43,06/06/2020,11:14:43,1min,59,12 km/h,"Ijuí, RS,","Ijuí, RS,",-,IXS-7092
Parado Ligado,06/06/2020,11:14:43,06/06/2020,11:17:43,3min,0,0 km/h,"Ijuí, RS,","Ijuí, RS,",-,IXS-7092
Andando,06/06/2020,11:17:43,06/06/2020,11:20:43,3min,227,10 km/h,"Ijuí, RS,","Ijuí, RS,",-,IXS-7092
Parado Ligado,06/06/2020,11:20:43,06/06/2020,11:27:43,7min,0,0 km/h,"Ijuí, RS,","Ijuí, RS,",-,IXS-7092
Andando,06/06/2020,11:27:43,06/06/2020,11:28:43,1min,94,15 km/h,"Ijuí, RS,","Ijuí, RS,",-,IXS-7092
Parado Ligado,06/06/2020,11:28:43,06/06/2020,11:31:43,3min,0,0 km/h,"Ijuí, RS,","Ijuí, RS,",-,IXS-7092
Andando,06/06/2020,11:31:43,06/06/2020,11:32:43,1min,61,7 km/h,"Ijuí, RS,","Ijuí, RS,",-,IXS-7092
Parado Ligado,06/06/2020,11:32:43,06/06/2020,11:38:43,6min,0,0 km/h,"Ijuí, RS,","Ijuí, RS,",-,IXS-7092
Andando,06/06/2020,11:38:43,06/06/2020,11:40:43,2min,115,10 km/h,"Ijuí, RS,","Ijuí, RS,",-,IXS-7092
Parado Ligado,06/06/2020,11:40:43,06/06/2020,11:41:43,1min,0,0 km/h,"Ijuí, RS,","Ijuí, RS,",-,IXS-7092
Andando,06/06/2020,11:41:43,06/06/2020,11:42:43,1min,123,39 km/h,"Ijuí, RS,","Ijuí, RS,",-,IXS-7092
Parado Ligado,06/06/2020,11:42:43,06/06/2020,11:43:43,1min,0,0 km/h,"Ijuí, RS,","Ijuí, RS,",-,IXS-7092
Andando,06/06/2020,11:43:43,06/06/2020,11:47:44,4m-1s,985,26 km/h,"Ijuí, RS,","Ijuí, RS,",-,IXS-7092
Parado Ligado,06/06/2020,11:47:44,06/06/2020,11:49:44,2min,0,0 km/h,"Ijuí, RS,","Ijuí, RS,",-,IXS-7092
Andando,06/06/2020,11:49:44,06/06/2020,11:55:44,6min,3104,60 km/h,"Ijuí, RS,","Ijuí, RS,",-,IXS-7092
Parado Ligado,06/06/2020,11:55:44,06/06/2020,12:01:39,5m-55s,0,0 km/h,"Ijuí, RS,","Ijuí, RS,",-,IXS-7092
Parado Desligado,06/06/2020,12:01:39,06/06/2020,12:30:58,29m-19s,0,0 km/h,"Ijuí, RS,","Ijuí, RS,",-,IXS-7092
Parado Ligado,06/06/2020,12:30:58,06/06/2020,12:32:37,1m-39s,0,0 km/h,"Ijuí, RS,","Ijuí, RS,",-,IXS-7092
Parado Desligado,06/06/2020,12:32:37,06/06/2020,12:32:38,1s,0,0 km/h,"Ijuí, RS,","Ijuí, RS,",-,IXS-7092
Parado Ligado,06/06/2020,12:32:38,06/06/2020,12:36:09,3m-31s,0,0 km/h,"Ijuí, RS,","Ijuí, RS,",-,IXS-7092
Parado Desligado,06/06/2020,12:36:09,06/06/2020,12:51:08,14m-59s,0,0 km/h,"Ijuí, RS,","Ijuí, RS,",-,IXS-7092
Parado Ligado,06/06/2020,12:51:08,06/06/2020,12:57:03,5m-55s,0,0 km/h,"Ijuí, RS,","Ijuí, RS,",-,IXS-7092
Andando,06/06/2020,12:57:03,06/06/2020,13:11:20,14m-17s,10311,66 km/h,"Ijuí, RS,","Ijuí, RS,",-,IXS-7092
Parado Ligado,06/06/2020,13:11:20,06/06/2020,13:22:20,11min,0,0 km/h,"Ijuí, RS,","Ijuí, RS,",-,IXS-7092
Andando,06/06/2020,13:22:20,06/06/2020,13:37:37,15m-17s,10499,64 km/h,"Ijuí, RS,","Ijuí, RS,",-,IXS-7092
Parado Ligado,06/06/2020,13:37:37,06/06/2020,13:41:30,3m-53s,0,0 km/h,"Ijuí, RS,","Ijuí, RS,",-,IXS-7092
Parado Desligado,06/06/2020,13:41:30,06/06/2020,17:34:28,3h-52m-58s,0,0 km/h,"Ijuí, RS,","Ijuí, RS,",-,IXS-7092
Parado Ligado,06/06/2020,17:34:28,06/06/2020,17:37:34,3m-6s,0,0 km/h,"Ijuí, RS,","Ijuí, RS,",-,IXS-7092
Parado Desligado,06/06/2020,17:37:34,06/06/2020,17:37:35,1s,0,0 km/h,"Ijuí, RS,","Ijuí, RS,",-,IXS-7092
Parado Ligado,06/06/2020,17:37:35,06/06/2020,17:59:02,21m-27s,0,0 km/h,"Ijuí, RS,","Ijuí, RS,",-,IXS-7092
Andando,06/06/2020,17:59:02,06/06/2020,18:02:02,3min,1200,32 km/h,"Ijuí, RS,","Ijuí, RS,",-,IXS-7092
Parado Ligado,06/06/2020,18:02:02,06/06/2020,18:04:02,2min,0,0 km/h,"Ijuí, RS,","Ijuí, RS,",-,IXS-7092
Andando,06/06/2020,18:04:02,06/06/2020,18:09:02,5min,1350,36 km/h,"Ijuí, RS,","Ijuí, RS,",-,IXS-7092
Parado Ligado,06/06/2020,18:09:02,06/06/2020,18:10:02,1min,0,0 km/h,"Ijuí, RS,","Ijuí, RS,",-,IXS-7092
Andando,06/06/2020,18:10:02,06/06/2020,18:13:02,3min,587,34 km/h,"Ijuí, RS,","Ijuí, RS,",-,IXS-7092
Parado Ligado,06/06/2020,18:13:02,06/06/2020,18:14:02,1min,0,0 km/h,"Ijuí, RS,","Ijuí, RS,",-,IXS-7092
Andando,06/06/2020,18:14:02,06/06/2020,18:18:02,4min,579,12 km/h,"Ijuí, RS,","Ijuí, RS,",-,IXS-7092
Parado Ligado,06/06/2020,18:18:02,06/06/2020,18:19:02,1min,0,0 km/h,"Ijuí, RS,","Ijuí, RS,",-,IXS-7092
Andando,06/06/2020,18:19:02,06/06/2020,18:20:02,1min,58,12 km/h,"Ijuí, RS,","Ijuí, RS,",-,IXS-7092
Parado Ligado,06/06/2020,18:20:02,06/06/2020,18:21:02,1min,0,0 km/h,"Ijuí, RS,","Ijuí, RS,",-,IXS-7092
Andando,06/06/2020,18:21:02,06/06/2020,18:23:03,2m-1s,217,10 km/h,"Ijuí, RS,","Ijuí, RS,",-,IXS-7092
Parado Ligado,06/06/2020,18:23:03,06/06/2020,18:24:03,1min,0,0 km/h,"Ijuí, RS,","Ijuí, RS,",-,IXS-7092
Andando,06/06/2020,18:24:03,06/06/2020,18:28:03,4min,494,17 km/h,"Ijuí, RS,","Ijuí, RS,",-,IXS-7092
Parado Ligado,06/06/2020,18:28:03,06/06/2020,18:29:03,1min,0,0 km/h,"Ijuí, RS,","Ijuí, RS,",-,IXS-7092
Andando,06/06/2020,18:29:03,06/06/2020,18:31:03,2min,171,24 km/h,"Ijuí, RS,","Ijuí, RS,",-,IXS-7092
Parado Ligado,06/06/2020,18:31:03,06/06/2020,18:32:03,1min,0,0 km/h,"Ijuí, RS,","Ijuí, RS,",-,IXS-7092
Andando,06/06/2020,18:32:03,06/06/2020,18:33:03,1min,152,6 km/h,"Ijuí, RS,","Ijuí, RS,",-,IXS-7092
Parado Ligado,06/06/2020,18:33:03,06/06/2020,18:34:03,1min,0,0 km/h,"Ijuí, RS,","Ijuí, RS,",-,IXS-7092
Andando,06/06/2020,18:34:03,06/06/2020,18:35:03,1min,182,8 km/h,"Ijuí, RS,","Ijuí, RS,",-,IXS-7092
Parado Ligado,06/06/2020,18:35:03,06/06/2020,18:36:03,1min,0,0 km/h,"Ijuí, RS,","Ijuí, RS,",-,IXS-7092
Andando,06/06/2020,18:36:03,06/06/2020,18:42:03,6min,1169,29 km/h,"Ijuí, RS,","Ijuí, RS,",-,IXS-7092
Parado Ligado,06/06/2020,18:42:03,06/06/2020,18:43:03,1min,0,0 km/h,"Ijuí, RS,","Ijuí, RS,",-,IXS-7092
Andando,06/06/2020,18:43:03,06/06/2020,18:44:03,1min,48,13 km/h,"Ijuí, RS,","Ijuí, RS,",-,IXS-7092
Parado Ligado,06/06/2020,18:44:03,06/06/2020,18:45:03,1min,0,0 km/h,"Ijuí, RS,","Ijuí, RS,",-,IXS-7092
Andando,06/06/2020,18:45:03,06/06/2020,18:47:03,2min,280,24 km/h,"Ijuí, RS,","Ijuí, RS,",-,IXS-7092
Parado Ligado,06/06/2020,18:47:03,06/06/2020,18:51:03,4min,0,0 km/h,"Ijuí, RS,","Ijuí, RS,",-,IXS-7092
Andando,06/06/2020,18:51:03,06/06/2020,18:52:03,1min,94,11 km/h,"Ijuí, RS,","Ijuí, RS,",-,IXS-7092
Parado Ligado,06/06/2020,18:52:03,06/06/2020,18:53:03,1min,0,0 km/h,"Ijuí, RS,","Ijuí, RS,",-,IXS-7092
Andando,06/06/2020,18:53:03,06/06/2020,18:54:03,1min,189,17 km/h,"Ijuí, RS,","Ijuí, RS,",-,IXS-7092
Parado Ligado,06/06/2020,18:54:03,06/06/2020,18:56:03,2min,0,0 km/h,"Ijuí, RS,","Ijuí, RS,",-,IXS-7092
Andando,06/06/2020,18:56:03,06/06/2020,19:04:04,8m-1s,862,12 km/h,"Ijuí, RS,","Ijuí, RS,",-,IXS-7092
Parado Ligado,06/06/2020,19:04:04,06/06/2020,19:05:04,1min,0,0 km/h,"Ijuí, RS,","Ijuí, RS,",-,IXS-7092
Andando,06/06/2020,19:05:04,06/06/2020,19:08:04,3min,354,13 km/h,"Ijuí, RS,","Ijuí, RS,",-,IXS-7092
Parado Ligado,06/06/2020,19:08:04,06/06/2020,19:09:04,1min,0,0 km/h,"Ijuí, RS,","Ijuí, RS,",-,IXS-7092
Andando,06/06/2020,19:09:04,06/06/2020,19:11:04,2min,245,15 km/h,"Ijuí, RS,","Ijuí, RS,",-,IXS-7092
Parado Ligado,06/06/2020,19:11:04,06/06/2020,19:12:04,1min,0,0 km/h,"Ijuí, RS,","Ijuí, RS,",-,IXS-7092
Andando,06/06/2020,19:12:04,06/06/2020,19:17:04,5min,546,20 km/h,"Ijuí, RS,","Ijuí, RS,",-,IXS-7092
Parado Ligado,06/06/2020,19:17:04,06/06/2020,19:18:04,1min,0,0 km/h,"Ijuí, RS,","Ijuí, RS,",-,IXS-7092
Andando,06/06/2020,19:18:04,06/06/2020,19:19:04,1min,113,18 km/h,"Ijuí, RS,","Ijuí, RS,",-,IXS-7092
Parado Ligado,06/06/2020,19:19:04,06/06/2020,19:21:04,2min,0,0 km/h,"Ijuí, RS,","Ijuí, RS,",-,IXS-7092
Andando,06/06/2020,19:21:04,06/06/2020,19:27:04,6min,972,22 km/h,"Ijuí, RS,","Ijuí, RS,",-,IXS-7092
Parado Ligado,06/06/2020,19:27:04,06/06/2020,19:29:04,2min,0,0 km/h,"Ijuí, RS,","Ijuí, RS,",-,IXS-7092
Andando,06/06/2020,19:29:04,06/06/2020,19:32:04,3min,390,28 km/h,"Ijuí, RS,","Ijuí, RS,",-,IXS-7092
Parado Ligado,06/06/2020,19:32:04,06/06/2020,19:33:04,1min,0,0 km/h,"Ijuí, RS,","Ijuí, RS,",-,IXS-7092
Andando,06/06/2020,19:33:04,06/06/2020,19:34:04,1min,133,6 km/h,"Ijuí, RS,","Ijuí, RS,",-,IXS-7092
Parado Ligado,06/06/2020,19:34:04,06/06/2020,19:35:04,1min,0,0 km/h,"Ijuí, RS,","Ijuí, RS,",-,IXS-7092
Andando,06/06/2020,19:35:04,06/06/2020,19:36:05,1m-1s,66,8 km/h,"Ijuí, RS,","Ijuí, RS,",-,IXS-7092
Parado Ligado,06/06/2020,19:36:05,06/06/2020,19:38:05,2min,0,0 km/h,"Ijuí, RS,","Ijuí, RS,",-,IXS-7092
Andando,06/06/2020,19:38:05,06/06/2020,19:41:05,3min,599,71 km/h,"Ijuí, RS,","Ijuí, RS,",-,IXS-7092
Parado Ligado,06/06/2020,19:41:05,06/06/2020,19:44:05,3min,0,0 km/h,"Ijuí, RS,","Ijuí, RS,",-,IXS-7092
Andando,06/06/2020,19:44:05,06/06/2020,19:46:05,2min,271,11 km/h,"Ijuí, RS,","Ijuí, RS,",-,IXS-7092
Parado Ligado,06/06/2020,19:46:05,06/06/2020,19:47:05,1min,0,0 km/h,"Ijuí, RS,","Ijuí, RS,",-,IXS-7092
Andando,06/06/2020,19:47:05,06/06/2020,19:48:05,1min,157,6 km/h,"Ijuí, RS,","Ijuí, RS,",-,IXS-7092
Parado Ligado,06/06/2020,19:48:05,06/06/2020,19:51:05,3min,0,0 km/h,"Ijuí, RS,","Ijuí, RS,",-,IXS-7092
Andando,06/06/2020,19:51:05,06/06/2020,19:52:05,1min,104,18 km/h,"Ijuí, RS,","Ijuí, RS,",-,IXS-7092
Parado Ligado,06/06/2020,19:52:05,06/06/2020,19:53:05,1min,0,0 km/h,"Ijuí, RS,","Ijuí, RS,",-,IXS-7092
Andando,06/06/2020,19:53:05,06/06/2020,19:54:05,1min,271,22 km/h,"Ijuí, RS,","Ijuí, RS,",-,IXS-7092
Parado Ligado,06/06/2020,19:54:05,06/06/2020,19:55:05,1min,0,0 km/h,"Ijuí, RS,","Ijuí, RS,",-,IXS-7092
Andando,06/06/2020,19:55:05,06/06/2020,19:57:05,2min,267,10 km/h,"Ijuí, RS,","Ijuí, RS,",-,IXS-7092
Parado Ligado,06/06/2020,19:57:05,06/06/2020,20:00:05,3min,0,0 km/h,"Ijuí, RS,","Ijuí, RS,",-,IXS-7092
Andando,06/06/2020,20:00:05,06/06/2020,20:02:05,2min,164,12 km/h,"Ijuí, RS,","Ijuí, RS,",-,IXS-7092
Parado Ligado,06/06/2020,20:02:05,06/06/2020,20:04:05,2min,0,0 km/h,"Ijuí, RS,","Ijuí, RS,",-,IXS-7092
Andando,06/06/2020,20:04:05,06/06/2020,20:07:06,3m-1s,581,15 km/h,"Ijuí, RS,","Ijuí, RS,",-,IXS-7092
Parado Ligado,06/06/2020,20:07:06,06/06/2020,20:09:06,2min,0,0 km/h,"Ijuí, RS,","Ijuí, RS,",-,IXS-7092
Andando,06/06/2020,20:09:06,06/06/2020,20:12:06,3min,317,10 km/h,"Ijuí, RS,","Ijuí, RS,",-,IXS-7092
Parado Ligado,06/06/2020,20:12:06,06/06/2020,20:13:06,1min,0,0 km/h,"Ijuí, RS,","Ijuí, RS,",-,IXS-7092
Andando,06/06/2020,20:13:06,06/06/2020,20:14:06,1min,150,6 km/h,"Ijuí, RS,","Ijuí, RS,",-,IXS-7092
Parado Ligado,06/06/2020,20:14:06,06/06/2020,20:15:06,1min,0,0 km/h,"Ijuí, RS,","Ijuí, RS,",-,IXS-7092
Andando,06/06/2020,20:15:06,06/06/2020,20:17:06,2min,291,20 km/h,"Ijuí, RS,","Ijuí, RS,",-,IXS-7092
Parado Ligado,06/06/2020,20:17:06,06/06/2020,20:18:06,1min,0,0 km/h,"Ijuí, RS,","Ijuí, RS,",-,IXS-7092
Andando,06/06/2020,20:18:06,06/06/2020,20:19:06,1min,202,10 km/h,"Ijuí, RS,","Ijuí, RS,",-,IXS-7092
Parado Ligado,06/06/2020,20:19:06,06/06/2020,20:21:06,2min,0,0 km/h,"Ijuí, RS,","Ijuí, RS,",-,IXS-7092
Andando,06/06/2020,20:21:06,06/06/2020,20:23:06,2min,272,21 km/h,"Ijuí, RS,","Ijuí, RS,",-,IXS-7092
Parado Ligado,06/06/2020,20:23:06,06/06/2020,20:24:06,1min,0,0 km/h,"Ijuí, RS,","Ijuí, RS,",-,IXS-7092
Andando,06/06/2020,20:24:06,06/06/2020,20:25:06,1min,18,11 km/h,"Ijuí, RS,","Ijuí, RS,",-,IXS-7092
Parado Ligado,06/06/2020,20:25:06,06/06/2020,20:26:06,1min,0,0 km/h,"Ijuí, RS,","Ijuí, RS,",-,IXS-7092
Andando,06/06/2020,20:26:06,06/06/2020,20:28:06,2min,170,12 km/h,"Ijuí, RS,","Ijuí, RS,",-,IXS-7092
Parado Ligado,06/06/2020,20:28:06,06/06/2020,20:29:06,1min,0,0 km/h,"Ijuí, RS,","Ijuí, RS,",-,IXS-7092
Andando,06/06/2020,20:29:06,06/06/2020,20:37:06,8min,1165,30 km/h,"Ijuí, RS,","Ijuí, RS,",-,IXS-7092
Parado Ligado,06/06/2020,20:37:06,06/06/2020,20:38:06,1min,0,0 km/h,"Ijuí, RS,","Ijuí, RS,",-,IXS-7092
Andando,06/06/2020,20:38:06,06/06/2020,20:39:06,1min,112,10 km/h,"Ijuí, RS,","Ijuí, RS,",-,IXS-7092
Parado Ligado,06/06/2020,20:39:06,06/06/2020,20:41:06,2min,0,0 km/h,"Ijuí, RS,","Ijuí, RS,",-,IXS-7092
Andando,06/06/2020,20:41:06,06/06/2020,20:44:06,3min,589,30 km/h,"Ijuí, RS,","Ijuí, RS,",-,IXS-7092
Parado Ligado,06/06/2020,20:44:06,06/06/2020,20:46:06,2min,0,0 km/h,"Ijuí, RS,","Ijuí, RS,",-,IXS-7092
Andando,06/06/2020,20:46:06,06/06/2020,20:51:07,5m-1s,900,37 km/h,"Ijuí, RS,","Ijuí, RS,",-,IXS-7092
Parado Ligado,06/06/2020,20:51:07,06/06/2020,20:52:07,1min,0,0 km/h,"Ijuí, RS,","Ijuí, RS,",-,IXS-7092
Andando,06/06/2020,20:52:07,06/06/2020,20:53:07,1min,153,30 km/h,"Ijuí, RS,","Ijuí, RS,",-,IXS-7092
Parado Ligado,06/06/2020,20:53:07,06/06/2020,20:54:07,1min,0,0 km/h,"Ijuí, RS,","Ijuí, RS,",-,IXS-7092
Andando,06/06/2020,20:54:07,06/06/2020,20:58:07,4min,803,14 km/h,"Ijuí, RS,","Ijuí, RS,",-,IXS-7092
Parado Ligado,06/06/2020,20:58:07,06/06/2020,20:59:07,1min,0,0 km/h,"Ijuí, RS,","Ijuí, RS,",-,IXS-7092
Andando,06/06/2020,20:59:07,06/06/2020,21:06:17,7m-10s,2209,43 km/h,"Ijuí, RS,","Ijuí, RS,",-,IXS-7092
Parado Desligado,06/06/2020,21:06:17,06/06/2020,22:22:59,1h-16m-42s,0,0 km/h,"Ijuí, RS,","Ijuí, RS,",-,IXS-7092
Parado Ligado,06/06/2020,22:22:59,06/06/2020,22:24:54,1m-55s,0,0 km/h,"Ijuí, RS,","Ijuí, RS,",-,IXS-7092
Andando,06/06/2020,22:24:54,06/06/2020,22:25:54,1min,152,24 km/h,"Ijuí, RS,","Ijuí, RS,",-,IXS-7092
Parado Ligado,06/06/2020,22:25:54,06/06/2020,22:26:54,1min,0,0 km/h,"Ijuí, RS,","Ijuí, RS,",-,IXS-7092
Andando,06/06/2020,22:26:54,06/06/2020,22:37:20,10m-26s,8474,81 km/h,"Ijuí, RS,","Ijuí, RS,",-,IXS-7092
Parado Ligado,06/06/2020,22:37:20,06/06/2020,22:38:20,1min,0,0 km/h,"Ijuí, RS,","Ijuí, RS,",-,IXS-7092
Andando,06/06/2020,22:38:20,06/06/2020,22:42:21,4m-1s,1413,42 km/h,"Ijuí, RS,","Ijuí, RS,",-,IXS-7092
Parado Ligado,06/06/2020,22:42:21,06/06/2020,22:50:21,8min,0,0 km/h,"Ijuí, RS,","Ijuí, RS,",-,IXS-7092
Andando,06/06/2020,22:50:21,06/06/2020,22:51:21,1min,25,13 km/h,"Ijuí, RS,","Ijuí, RS,",-,IXS-7092
Parado Ligado,06/06/2020,22:51:21,06/06/2020,22:53:21,2min,0,0 km/h,"Ijuí, RS,","Ijuí, RS,",-,IXS-7092
Andando,06/06/2020,22:53:21,06/06/2020,23:07:53,14m-32s,9564,71 km/h,"Ijuí, RS,","Ijuí, RS,",-,IXS-7092
Parado Ligado,06/06/2020,23:07:53,06/06/2020,23:13:47,5m-54s,0,0 km/h,"Ijuí, RS,","Ijuí, RS,",-,IXS-7092
Parado Desligado,06/06/2020,23:13:47,06/06/2020,23:46:17,32m-30s,0,0,"Ijuí, RS,","Ijuí, RS,",-,IXS-7092
